"ID","Source","Severity","Start_Time","End_Time","Start_Lat","Start_Lng","End_Lat","End_Lng","Distance.mi.","Description","Street","City","County","State","Zipcode","Country","Timezone","Airport_Code","Weather_Timestamp","Temperature.F.","Wind_Chill.F.","Humidity...","Pressure.in.","Visibility.mi.","Wind_Direction","Wind_Speed.mph.","Precipitation.in.","Weather_Condition","Amenity","Bump","Crossing","Give_Way","Junction","No_Exit","Railway","Roundabout","Station","Stop","Traffic_Calming","Traffic_Signal","Turning_Loop","Sunrise_Sunset","Civil_Twilight","Nautical_Twilight","Astronomical_Twilight"
"A-623473","Source2",1,"2022-05-13 08:31:39","2022-05-13 09:01:22",33.46579,-111.896187,NA,NA,0,"Crash on 87th St at Mcdowell Rd.","E McDowell Rd","Scottsdale","Maricopa","AZ","85257","US","US/Mountain","KPHX","2022-05-13 08:51:00",70,70,14,28.78,10,"ESE",6,0,"Fair","True","False","False","False","False","False","False","False","False","False","False","False","False","Day","Day","Day","Day"
"A-628217","Source2",1,"2022-05-04 17:25:57","2022-05-04 18:59:22",33.451271,-111.909302,NA,NA,0,"Crash on Hayden Rd at Mcclintock Dr.","E McKellips Rd","Scottsdale","Maricopa","AZ","85257","US","US/Mountain","KPHX","2022-05-04 17:51:00",90,90,6,28.58,10,"W",8,0,"Fair","False","False","False","False","False","False","False","False","False","False","False","True","False","Day","Day","Day","Day"
"A-660134","Source2",2,"2022-04-06 06:59:45","2022-04-06 07:45:32",33.46582,-111.908867,NA,NA,0,"Crash on Hayden Rd at Mcdowell Rd.","N Hayden Rd","Scottsdale","Maricopa","AZ","85257","US","US/Mountain","KPHX","2022-04-06 06:51:00",66,66,37,28.72,10,"CALM",0,0,"Fair","False","False","True","False","False","False","False","False","False","False","False","True","False","Day","Day","Day","Day"
"A-698862","Source2",2,"2022-02-24 05:18:08","2022-02-24 05:47:30",33.4659,-111.91111,NA,NA,0,"Crash on Mcdowell Rd at 79th St.","N 79th St","Scottsdale","Maricopa","AZ","85257","US","US/Mountain","KPHX","2022-02-24 04:51:00",39,36,93,28.92,10,"E",5,0,"Fair","False","False","False","False","False","False","False","False","False","False","False","False","False","Night","Night","Night","Night"
"A-771262","Source2",2,"2021-12-20 08:35:17","2021-12-20 09:04:52",33.480209,-111.943192,NA,NA,0,"Accident on 64th St at Thomas Rd.","E Thomas Rd","Scottsdale","Maricopa","AZ","85257","US","US/Mountain","KPHX","2021-12-20 08:51:00",53,53,41,28.99,10,"SE",7,0,"Fair","False","False","True","False","False","False","False","False","True","False","False","True","False","Day","Day","Day","Day"
"A-782299","Source2",2,"2021-12-13 12:43:38","2021-12-13 13:13:26",33.480209,-111.943192,NA,NA,0,"Main roadway closed due to accident on Thomas Rd both ways at 64th St.","E Thomas Rd","Scottsdale","Maricopa","AZ","85257","US","US/Mountain","KPHX","2021-12-13 12:51:00",68,68,33,28.87,10,"VAR",3,0,"Mostly Cloudy","False","False","True","False","False","False","False","False","True","False","False","True","False","Day","Day","Day","Day"
"A-824513","Source2",2,"2021-11-11 07:40:23","2021-11-11 08:39:56",33.465889,-111.912277,NA,NA,0,"Accident on Mcdowell Rd near 79th St.","E McDowell Rd","Scottsdale","Maricopa","AZ","85257","US","US/Mountain","KPHX","2021-11-11 07:51:00",62,62,43,28.89,10,"CALM",0,0,"Fair","False","False","False","False","False","False","False","False","False","False","False","False","False","Day","Day","Day","Day"
"A-896625","Source2",2,"2021-09-16 16:53:52","2021-09-16 17:39:22",33.465801,-111.917526,NA,NA,0,"Accident on Mcdowell Rd at Miller Rd.","N Miller Rd","Scottsdale","Maricopa","AZ","85257","US","US/Mountain","KPHX","2021-09-16 16:51:00",103,103,14,28.51,10,"N",9,0,"Fair","False","False","True","False","False","False","False","False","False","False","False","True","False","Day","Day","Day","Day"
"A-1023180","Source2",2,"2021-06-01 10:08:04","2021-06-01 10:37:47",33.465744,-111.926224,NA,NA,0,"Main roadway closed due to accident on Scottsdale Rd both ways at Mcdowell Rd.","N Scottsdale Rd","Scottsdale","Maricopa","AZ","85257","US","US/Mountain","KPHX","2021-06-01 09:51:00",87,87,18,28.76,10,"VAR",5,0,"Fair","False","False","True","False","False","False","False","False","False","False","False","True","False","Day","Day","Day","Day"
"A-1045781","Source2",2,"2021-05-14 08:46:03","2021-05-14 09:18:01",33.480381,-111.903008,NA,NA,0,"Accident on 83rd St at Thomas Rd.","E Thomas Rd","Scottsdale","Maricopa","AZ","85257","US","US/Mountain","KPHX","2021-05-14 08:51:00",80,80,13,28.71,10,"E",8,0,"Fair","False","False","True","False","False","False","False","False","False","True","False","False","False","Day","Day","Day","Day"
"A-1061864","Source2",2,"2021-05-03 06:49:04","2021-05-03 07:20:48",33.458481,-111.926353,NA,NA,0,"Accident on Roosevelt St at Scottsdale Rd.","E Continental Dr","Scottsdale","Maricopa","AZ","85257","US","US/Mountain","KPHX","2021-05-03 06:51:00",67,67,31,28.47,10,"E",8,0,"Fair","False","False","True","False","False","False","False","False","False","False","False","True","False","Day","Day","Day","Day"
"A-1122121","Source2",2,"2021-03-12 15:39:31","2021-03-12 16:09:11",33.465805,-111.914597,NA,NA,0,"Accident on 77th St at Mcdowell Rd.","N 77th St","Scottsdale","Maricopa","AZ","85257","US","US/Mountain","KPHX","2021-03-12 15:51:00",55,55,47,28.84,10,"SE",9,0,"Mostly Cloudy","False","False","True","False","False","False","False","False","False","False","False","True","False","Day","Day","Day","Day"
"A-1134457","Source2",2,"2021-03-02 08:01:05","2021-03-02 09:46:37",33.465759,-111.900726,NA,NA,0,"Accident on Granite Reef Rd at Mcdowell Rd.","E McDowell Rd","Scottsdale","Maricopa","AZ","85257","US","US/Mountain","KPHX","2021-03-02 07:51:00",56,56,27,28.83,10,"ESE",6,0,"Fair","False","False","False","False","False","False","False","False","False","False","False","True","False","Day","Day","Day","Day"
"A-1149892","Source2",2,"2021-02-17 16:43:29","2021-02-17 17:43:04",33.465759,-111.900726,NA,NA,0,"Accident pedestrian involved on Granite Reef Rd at Mcdowell Rd.","E McDowell Rd","Scottsdale","Maricopa","AZ","85257","US","US/Mountain","KPHX","2021-02-17 16:51:00",65,65,13,28.61,10,"W",29,0,"Partly Cloudy / Windy","False","False","False","False","False","False","False","False","False","False","False","True","False","Day","Day","Day","Day"
"A-1213464","Source2",2,"2020-12-28 06:44:15","2020-12-28 08:35:30",33.480209,-111.943192,NA,NA,0,"Restrictions due to accident on Thomas Rd both ways at 64th St.","E Thomas Rd","Scottsdale","Maricopa","AZ","85257","US","US/Mountain","KPHX","2020-12-28 06:51:00",51,51,50,28.59,10,"CALM",0,0,"Fair","False","False","True","False","False","False","False","False","True","False","False","True","False","Night","Night","Day","Day"
"A-1225643","Source2",2,"2020-12-17 10:46:46","2020-12-17 12:39:30",33.46582,-111.908867,NA,NA,0,"Accident on Hayden Rd near Mcdowell Rd.","N Hayden Rd","Scottsdale","Maricopa","AZ","85257","US","US/Mountain","KPHX","2020-12-17 10:51:00",58,58,26,28.82,10,"E",3,0,"Mostly Cloudy","False","False","True","False","False","False","False","False","False","False","False","True","False","Day","Day","Day","Day"
"A-1238678","Source2",2,"2020-12-08 18:00:08","2020-12-08 19:24:35",33.465744,-111.926224,NA,NA,0,"Accident on Mcdowell Rd at Scottsdale Rd.","N Scottsdale Rd","Scottsdale","Maricopa","AZ","85257","US","US/Mountain","KPHX","2020-12-08 17:51:00",73,73,11,28.89,10,"ENE",6,0,"Partly Cloudy","False","False","True","False","False","False","False","False","False","False","False","True","False","Night","Night","Day","Day"
"A-1265096","Source2",2,"2020-11-16 09:07:25","2020-11-16 10:08:00",33.451271,-111.909302,NA,NA,0,"Two lanes blocked due to accident on Mcclintock Dr Northbound at Hayden Rd.","E McKellips Rd","Scottsdale","Maricopa","AZ","85257","US","US/Mountain","KPHX","2020-11-16 08:51:00",64,64,26,28.94,10,"CALM",0,0,"Fair","False","False","False","False","False","False","False","False","False","False","False","True","False","Day","Day","Day","Day"
"A-1267967","Source2",2,"2020-11-13 09:00:10","2020-11-13 10:45:13",33.465801,-111.917526,NA,NA,0,"Accident on Mcdowell Rd at Miller Rd.","N Miller Rd","Scottsdale","Maricopa","AZ","85257","US","US/Mountain","KPHX","2020-11-13 08:51:00",56,56,33,28.88,10,"ENE",5,0,"Fair","False","False","True","False","False","False","False","False","False","False","False","True","False","Day","Day","Day","Day"
"A-1284275","Source2",2,"2020-11-03 12:47:39","2020-11-03 16:34:32",33.465744,-111.926224,NA,NA,0,"Main roadway closed due to accident on Scottsdale Rd both ways at Mcdowell Rd.","N Scottsdale Rd","Scottsdale","Maricopa","AZ","85257","US","US/Mountain","KPHX","2020-11-03 12:51:00",89,89,15,28.76,10,"SSE",6,0,"Mostly Cloudy","False","False","True","False","False","False","False","False","False","False","False","True","False","Day","Day","Day","Day"
"A-1336938","Source2",2,"2020-10-12 14:41:41","2020-10-12 15:11:33",33.458481,-111.926353,NA,NA,0,"Accident on Roosevelt St at Scottsdale Rd.","E Continental Dr","Scottsdale","Maricopa","AZ","85257","US","US/Mountain","KPHX","2020-10-12 14:51:00",95,95,12,28.73,10,"CALM",0,0,"Fair","False","False","True","False","False","False","False","False","False","False","False","True","False","Day","Day","Day","Day"
"A-1451511","Source2",2,"2020-05-28 17:19:46","2020-05-28 18:19:37",33.465805,-111.914597,NA,NA,0,"Accident on 77th St at Mcdowell Rd.","N 77th St","Scottsdale","Maricopa","AZ","85257","US","US/Mountain","KPHX","2020-05-28 16:51:00",108,108,7,28.59,10,"WNW",15,0,"Fair","False","False","True","False","False","False","False","False","False","False","False","True","False","Day","Day","Day","Day"
"A-1471327","Source2",2,"2020-05-15 09:44:32","2020-05-15 10:53:10",33.451271,-111.909302,NA,NA,0,"Restrictions due to accident on Hayden Rd both ways near Mcclintock Dr.","E McKellips Rd","Scottsdale","Maricopa","AZ","85257","US","US/Mountain","KPHX","2020-05-15 09:51:00",79,79,26,28.66,10,"CALM",0,0,"Partly Cloudy","False","False","False","False","False","False","False","False","False","False","False","True","False","Day","Day","Day","Day"
"A-1477768","Source2",2,"2020-05-21 12:09:24","2020-05-21 13:09:18",33.480202,-111.904114,NA,NA,0,"Accident on Thomas Rd at 82nd St.","E Thomas Rd","Scottsdale","Maricopa","AZ","85257","US","US/Mountain","KPHX","2020-05-21 11:51:00",84,84,11,28.7,10,"VAR",7,0,"Fair","False","False","False","False","False","False","False","False","False","True","False","False","False","Day","Day","Day","Day"
"A-1479285","Source2",2,"2020-05-22 17:18:17","2020-05-22 17:48:07",33.473068,-111.926193,NA,NA,0,"Accident on Oak St at Scottsdale Rd.","E Oak St","Scottsdale","Maricopa","AZ","85257","US","US/Mountain","KPHX","2020-05-22 16:51:00",93,93,9,28.52,10,"NW",3,0,"Partly Cloudy","False","False","True","False","False","False","False","False","False","False","False","True","False","Day","Day","Day","Day"
"A-1482538","Source2",2,"2020-06-19 07:20:52","2020-06-19 08:07:09",33.47303,-111.930481,NA,NA,0,"Accident on 70th St at Oak St.","N 70th St","Scottsdale","Maricopa","AZ","85257","US","US/Mountain","KPHX","2020-06-19 06:51:00",76,76,22,28.63,10,"E",9,0,"Fair","False","False","False","False","False","False","False","False","False","False","False","False","False","Day","Day","Day","Day"
"A-1493753","Source2",2,"2020-06-29 13:55:19","2020-06-29 14:40:19",33.451271,-111.909302,NA,NA,0,"Accident on Mcclintock Dr at Mckellips Rd.","E McKellips Rd","Scottsdale","Maricopa","AZ","85257","US","US/Mountain","KPHX","2020-06-29 13:51:00",96,96,15,28.52,10,"CALM",0,0,"Fair","False","False","False","False","False","False","False","False","False","False","False","True","False","Day","Day","Day","Day"
"A-1502932","Source2",2,"2020-06-11 09:30:08","2020-06-11 10:14:50",33.465759,-111.900726,NA,NA,0,"Accident on Granite Reef Rd near Mcdowell Rd.","E McDowell Rd","Scottsdale","Maricopa","AZ","85257","US","US/Mountain","KPHX","2020-06-11 09:51:00",89,89,11,28.76,10,"E",6,0,"Fair","False","False","False","False","False","False","False","False","False","False","False","True","False","Day","Day","Day","Day"
"A-1504402","Source2",2,"2020-06-12 16:57:03","2020-06-12 18:07:05",33.46582,-111.908867,NA,NA,0,"Accident on Hayden Rd at Mcdowell Rd.","N Hayden Rd","Scottsdale","Maricopa","AZ","85257","US","US/Mountain","KPHX","2020-06-12 16:51:00",107,107,8,28.62,10,"NW",8,0,"Fair","False","False","True","False","False","False","False","False","False","False","False","True","False","Day","Day","Day","Day"
"A-1552535","Source2",2,"2020-04-11 19:36:40","2020-04-11 20:21:27",33.46582,-111.908867,NA,NA,0,"Accident on Hayden Rd at Mcdowell Rd.","N Hayden Rd","Scottsdale","Maricopa","AZ","85257","US","US/Mountain","KPHX","2020-04-11 19:51:00",64,64,45,28.66,10,"SSE",8,0,"Mostly Cloudy","False","False","True","False","False","False","False","False","False","False","False","True","False","Night","Night","Day","Day"
"A-1560600","Source3",2,"2020-04-20 16:36:35","2020-04-20 18:28:23",33.46582,-111.908867,NA,NA,0,"Accident on Hayden Rd at Mcdowell Rd.","N Hayden Rd","Scottsdale","Maricopa","AZ","85257","US","US/Mountain","KPHX","2020-04-20 16:51:00",85,85,14,28.66,10,"W",9,0,"Fair","False","False","True","False","False","False","False","False","False","False","False","True","False","Day","Day","Day","Day"
"A-1562790","Source2",2,"2020-04-22 10:20:38","2020-04-22 11:47:37",33.46582,-111.908867,NA,NA,0,"Accident on Hayden Rd at Mcdowell Rd.","N Hayden Rd","Scottsdale","Maricopa","AZ","85257","US","US/Mountain","KPHX","2020-04-22 09:51:00",70,70,39,28.81,10,"WNW",3,0,"Fair","False","False","True","False","False","False","False","False","False","False","False","True","False","Day","Day","Day","Day"
"A-1610962","Source2",2,"2020-01-23 09:06:37","2020-01-23 09:36:27",33.465801,-111.917526,NA,NA,0,"Accident on Mcdowell Rd at Miller Rd.","N Miller Rd","Scottsdale","Maricopa","AZ","85257","US","US/Mountain","KPHX","2020-01-23 08:51:00",51,51,80,28.94,10,"CALM",0,0,"Fair","False","False","True","False","False","False","False","False","False","False","False","True","False","Day","Day","Day","Day"
"A-1610968","Source2",2,"2020-01-23 09:30:31","2020-01-23 10:15:54",33.465801,-111.917526,NA,NA,0,"Accident on Mcdowell Rd at Miller Rd.","N Miller Rd","Scottsdale","Maricopa","AZ","85257","US","US/Mountain","KPHX","2020-01-23 09:51:00",54,54,69,28.96,10,"E",8,0,"Fair","False","False","True","False","False","False","False","False","False","False","False","True","False","Day","Day","Day","Day"
"A-1611044","Source2",2,"2020-01-24 09:17:21","2020-01-24 09:47:10",33.46582,-111.908867,NA,NA,0,"Accident on Hayden Rd at Mcdowell Rd.","N Hayden Rd","Scottsdale","Maricopa","AZ","85257","US","US/Mountain","KPHX","2020-01-24 08:51:00",54,54,55,28.82,10,"ESE",6,0,"Mostly Cloudy","False","False","True","False","False","False","False","False","False","False","False","True","False","Day","Day","Day","Day"
"A-1623153","Source2",2,"2020-01-31 16:25:05","2020-01-31 17:39:52",33.480209,-111.943192,NA,NA,0,"Accident on 64th St at Thomas Rd.","E Thomas Rd","Scottsdale","Maricopa","AZ","85257","US","US/Mountain","KPHX","2020-01-31 16:51:00",72,72,13,28.97,10,"SW",8,0,"Partly Cloudy","False","False","True","False","False","False","False","False","True","False","False","True","False","Day","Day","Day","Day"
"A-1642833","Source2",2,"2020-02-11 17:10:00","2020-02-11 18:41:59",33.465744,-111.926224,NA,NA,0,"Accident on Mcdowell Rd at Scottsdale Rd.","N Scottsdale Rd","Scottsdale","Maricopa","AZ","85257","US","US/Mountain","KPHX","2020-02-11 16:51:00",60,60,36,28.73,10,"NNE",5,0,"Partly Cloudy","False","False","True","False","False","False","False","False","False","False","False","True","False","Day","Day","Day","Day"
"A-1647555","Source2",2,"2020-02-13 07:19:35","2020-02-13 08:19:43",33.473068,-111.926193,NA,NA,0,"Accident on Oak St at Scottsdale Rd.","E Oak St","Scottsdale","Maricopa","AZ","85257","US","US/Mountain","KPHX","2020-02-13 06:51:00",45,43,74,28.88,10,"ESE",5,0,"Fair","False","False","True","False","False","False","False","False","False","False","False","True","False","Day","Day","Day","Day"
"A-1681259","Source2",2,"2019-12-27 07:25:09","2019-12-27 08:09:57",33.46582,-111.908867,NA,NA,0,"Accident on Hayden Rd at Mcdowell Rd.","N Hayden Rd","Scottsdale","Maricopa","AZ","85257","US","US/Mountain","KPHX","2019-12-27 07:51:00",48,45,83,28.63,10,"E",7,0,"Cloudy","False","False","True","False","False","False","False","False","False","False","False","True","False","Night","Day","Day","Day"
"A-1694874","Source2",2,"2019-12-04 08:54:53","2019-12-04 09:24:43",33.458481,-111.926353,NA,NA,0,"Accident on Scottsdale Rd near Roosevelt St.","E Continental Dr","Scottsdale","Maricopa","AZ","85257","US","US/Mountain","KPHX","2019-12-04 08:51:00",59,59,72,28.82,10,"CALM",0,0,"Mostly Cloudy","False","False","True","False","False","False","False","False","False","False","False","True","False","Day","Day","Day","Day"
"A-1704551","Source2",2,"2019-12-09 07:56:22","2019-12-09 08:26:03",33.451271,-111.909302,NA,NA,0,"Accident on Hayden Rd at Mckellips Rd.","E McKellips Rd","Scottsdale","Maricopa","AZ","85257","US","US/Mountain","KPHX","2019-12-09 07:51:00",56,56,93,28.72,2,"W",5,0,"Fog","False","False","False","False","False","False","False","False","False","False","False","True","False","Day","Day","Day","Day"
"A-1715607","Source2",2,"2019-12-13 17:16:18","2019-12-13 18:31:03",33.465801,-111.917526,NA,NA,0,"Accident on Mcdowell Rd at Miller Rd.","N Miller Rd","Scottsdale","Maricopa","AZ","85257","US","US/Mountain","KPHX","2019-12-13 16:51:00",68,68,36,28.8,10,"WSW",3,0,"Fair","False","False","True","False","False","False","False","False","False","False","False","True","False","Day","Day","Day","Day"
"A-1736575","Source2",2,"2019-10-06 10:43:14","2019-10-06 11:46:34",33.46582,-111.908867,NA,NA,0,"Accident on Hayden Rd at Mcdowell Rd.","N Hayden Rd","Scottsdale","Maricopa","AZ","85257","US","US/Mountain","KPHX","2019-10-06 10:51:00",82,82,19,28.84,10,"E",10,0,"Mostly Cloudy","False","False","True","False","False","False","False","False","False","False","False","True","False","Day","Day","Day","Day"
"A-1768376","Source2",2,"2019-10-21 18:58:08","2019-10-21 20:12:54",33.465801,-111.917526,NA,NA,0,"Accident on Mcdowell Rd at Miller Rd.","N Miller Rd","Scottsdale","Maricopa","AZ","85257","US","US/Mountain","KPHX","2019-10-21 18:51:00",83,83,11,28.75,10,"WSW",7,0,"Mostly Cloudy","False","False","True","False","False","False","False","False","False","False","False","True","False","Night","Night","Night","Day"
"A-1815667","Source2",2,"2019-11-12 10:28:05","2019-11-12 12:12:52",33.46582,-111.908867,NA,NA,0,"Accident on Hayden Rd at Mcdowell Rd.","N Hayden Rd","Scottsdale","Maricopa","AZ","85257","US","US/Mountain","KPHX","2019-11-12 10:51:00",75,75,26,28.91,10,"ENE",17,0,"Fair","False","False","True","False","False","False","False","False","False","False","False","True","False","Day","Day","Day","Day"
"A-1831181","Source2",2,"2019-11-19 15:49:57","2019-11-19 16:19:41",33.473049,-111.917519,NA,NA,0,"Accident on Miller Rd at Oak St.","N Miller Rd","Scottsdale","Maricopa","AZ","85257","US","US/Mountain","KPHX","2019-11-19 15:51:00",59,59,78,28.6,8,"SE",12,0.02,"Light Rain","False","False","False","False","False","False","False","False","False","False","False","False","False","Day","Day","Day","Day"
"A-1855211","Source2",2,"2019-09-30 16:29:48","2019-09-30 17:44:34",33.465759,-111.900726,NA,NA,0,"Accident on Granite Reef Rd at Mcdowell Rd.","E McDowell Rd","Scottsdale","Maricopa","AZ","85257","US","US/Mountain","KPHX","2019-09-30 16:51:00",90,90,19,28.5,10,"VAR",3,0,"Fair","False","False","False","False","False","False","False","False","False","False","False","True","False","Day","Day","Day","Day"
"A-1884414","Source2",2,"2019-09-27 17:02:25","2019-09-27 18:17:06",33.458481,-111.926353,NA,NA,0,"Accident on Roosevelt St at Scottsdale Rd.","E Continental Dr","Scottsdale","Maricopa","AZ","85257","US","US/Mountain","KPHX","2019-09-27 16:51:00",85,85,41,28.55,10,"NNW",7,0,"Partly Cloudy","False","False","True","False","False","False","False","False","False","False","False","True","False","Day","Day","Day","Day"
"A-1893100","Source2",2,"2019-09-04 06:53:29","2019-09-04 07:38:15",33.458549,-111.900574,NA,NA,0,"Accident on Granite Reef Rd at Roosevelt St.","E Roosevelt St","Scottsdale","Maricopa","AZ","85257","US","US/Mountain","KPHX","2019-09-04 06:51:00",88,88,46,28.62,10,"E",7,0,"Fair","False","False","True","False","False","False","False","False","False","True","False","True","False","Day","Day","Day","Day"
"A-1895582","Source2",2,"2019-09-05 17:42:04","2019-09-05 19:26:40",33.465801,-111.917526,NA,NA,0,"Accident on Mcdowell Rd at Miller Rd.","N Miller Rd","Scottsdale","Maricopa","AZ","85257","US","US/Mountain","KPHX","2019-09-05 17:51:00",108,108,12,28.63,10,"S",5,0,"Partly Cloudy","False","False","True","False","False","False","False","False","False","False","False","True","False","Day","Day","Day","Day"
"A-1899511","Source2",2,"2019-09-08 19:46:38","2019-09-08 20:16:00",33.465801,-111.917526,NA,NA,0,"Accident on Mcdowell Rd at Miller Rd.","N Miller Rd","Scottsdale","Maricopa","AZ","85257","US","US/Mountain","KPHX","2019-09-08 19:51:00",96,96,30,28.5,10,"W",14,0,"Fair","False","False","True","False","False","False","False","False","False","False","False","True","False","Night","Night","Night","Day"
"A-1906879","Source2",2,"2019-09-11 12:47:35","2019-09-11 14:02:20",33.480389,-111.913254,NA,NA,0,"Accident on 78th St at Thomas Rd.","N 78th St","Scottsdale","Maricopa","AZ","85257","US","US/Mountain","KPHX","2019-09-11 12:51:00",92,92,37,28.75,10,"VAR",6,0,"Mostly Cloudy","False","False","True","False","False","False","False","False","False","True","False","False","False","Day","Day","Day","Day"
"A-1934122","Source2",2,"2019-08-26 14:48:05","2019-08-26 15:47:52",33.46582,-111.908867,NA,NA,0,"Accident on Hayden Rd at Mcdowell Rd.","N Hayden Rd","Scottsdale","Maricopa","AZ","85257","US","US/Mountain","KPHX","2019-08-26 14:51:00",104,104,25,28.59,10,"SW",14,0,"Mostly Cloudy","False","False","True","False","False","False","False","False","False","False","False","True","False","Day","Day","Day","Day"
"A-1948254","Source2",2,"2019-07-02 19:22:05","2019-07-02 20:12:03",33.46582,-111.908867,NA,NA,0,"Accident on Hayden Rd at Mcdowell Rd.","N Hayden Rd","Scottsdale","Maricopa","AZ","85257","US","US/Mountain","KPHX","",NA,NA,NA,NA,NA,"",NA,NA,"","False","False","True","False","False","False","False","False","False","False","False","True","False","Day","Day","Day","Day"
"A-1953356","Source2",2,"2019-07-05 11:25:07","2019-07-05 12:22:53",33.46582,-111.908867,NA,NA,0,"Accident on Hayden Rd at Mcdowell Rd.","N Hayden Rd","Scottsdale","Maricopa","AZ","85257","US","US/Mountain","KPHX","",NA,NA,NA,NA,NA,"",NA,NA,"","False","False","True","False","False","False","False","False","False","False","False","True","False","Day","Day","Day","Day"
"A-1953362","Source2",2,"2019-07-05 12:15:31","2019-07-05 12:45:10",33.46582,-111.908867,NA,NA,0,"Accident on Hayden Rd at Mcdowell Rd.","N Hayden Rd","Scottsdale","Maricopa","AZ","85257","US","US/Mountain","KPHX","",NA,NA,NA,NA,NA,"",NA,NA,"","False","False","True","False","False","False","False","False","False","False","False","True","False","Day","Day","Day","Day"
"A-1990370","Source2",2,"2019-07-26 19:46:08","2019-07-26 20:15:56",33.465744,-111.926224,NA,NA,0,"Accident on Scottsdale Rd at Mcdowell Rd.","N Scottsdale Rd","Scottsdale","Maricopa","AZ","85257","US","US/Mountain","KPHX","",NA,NA,NA,NA,NA,"",NA,NA,"","False","False","True","False","False","False","False","False","False","False","False","True","False","Night","Day","Day","Day"
"A-2000101","Source2",2,"2019-08-01 15:15:17","2019-08-01 17:39:47",33.465801,-111.891922,NA,NA,0,"Accident on Mcdowell Rd at Pima Rd.","N Pima Rd","Scottsdale","Maricopa","AZ","85257","US","US/Mountain","KPHX","2019-08-01 14:59:00",103,103,27,28.7,10,"ESE",6,0,"Fair","False","False","True","False","False","False","False","False","False","False","False","True","False","Day","Day","Day","Day"
"A-2002346","Source2",2,"2019-08-02 11:27:06","2019-08-02 14:15:37",33.480209,-111.943192,NA,NA,0,"Lane blocked due to accident on 64th St Southbound from Thomas Rd.","E Thomas Rd","Scottsdale","Maricopa","AZ","85257","US","US/Mountain","KPHX","2019-08-02 11:51:00",102,102,27,28.69,10,"S",5,0,"Partly Cloudy","False","False","True","False","False","False","False","False","True","False","False","True","False","Day","Day","Day","Day"
"A-2008168","Source2",2,"2019-08-06 17:53:48","2019-08-06 18:23:35",33.46582,-111.908867,NA,NA,0,"Accident on Mcdowell Rd at Hayden Rd.","N Hayden Rd","Scottsdale","Maricopa","AZ","85257","US","US/Mountain","KPHX","2019-08-06 17:51:00",101,101,24,28.6,10,"NW",10,0,"Mostly Cloudy","False","False","True","False","False","False","False","False","False","False","False","True","False","Day","Day","Day","Day"
"A-2095985","Source2",2,"2019-05-10 16:09:06","2019-05-10 16:54:56",33.465801,-111.891922,NA,NA,0,"Accident on Mcdowell Rd at Pima Rd.","N Pima Rd","Scottsdale","Maricopa","AZ","85257","US","US/Mountain","KPHX","2019-05-10 15:51:00",85,85,16,28.53,10,"SSW",10,0,"Mostly Cloudy","False","False","True","False","False","False","False","False","False","False","False","True","False","Day","Day","Day","Day"
"A-2113390","Source2",2,"2019-05-20 12:14:32","2019-05-20 12:44:13",33.46582,-111.908867,NA,NA,0,"Accident on Hayden Rd at Mcdowell Rd.","N Hayden Rd","Scottsdale","Maricopa","AZ","85257","US","US/Mountain","KPHX","2019-05-20 11:51:00",67,67,33,28.58,10,"W",14,0,"Mostly Cloudy","False","False","True","False","False","False","False","False","False","False","False","True","False","Day","Day","Day","Day"
"A-2132237","Source2",2,"2019-05-30 07:19:24","2019-05-30 08:20:03",33.465759,-111.900726,NA,NA,0,"Accident on Granite Reef Rd at Mcdowell Rd.","E McDowell Rd","Scottsdale","Maricopa","AZ","85257","US","US/Mountain","KPHX","2019-05-30 06:51:00",71,71,32,28.62,10,"CALM",0,0,"Mostly Cloudy","False","False","False","False","False","False","False","False","False","False","False","True","False","Day","Day","Day","Day"
"A-2171440","Source2",2,"2019-04-16 08:57:56","2019-04-16 09:42:44",33.465805,-111.914597,NA,NA,0,"Accident on 77th St at Mcdowell Rd.","N 77th St","Scottsdale","Maricopa","AZ","85257","US","US/Mountain","KPHX","2019-04-16 08:51:00",69,69,31,28.68,10,"S",9,0,"Partly Cloudy","False","False","True","False","False","False","False","False","False","False","False","True","False","Day","Day","Day","Day"
"A-2213368","Source2",2,"2019-03-11 14:50:48","2019-03-11 15:36:04",33.480209,-111.943192,NA,NA,0,"Accident on 64th St Northbound at Thomas Rd.","E Thomas Rd","Scottsdale","Maricopa","AZ","85257","US","US/Mountain","KPHX","2019-03-11 14:51:00",64.9,NA,42,29.74,10,"WNW",15,0,"Overcast","False","False","True","False","False","False","False","False","True","False","False","True","False","Day","Day","Day","Day"
"A-2234706","Source2",2,"2019-03-22 13:30:58","2019-03-22 14:00:38",33.46582,-111.908867,NA,NA,0,"Accident on Mcdowell Rd at Hayden Rd.","N Hayden Rd","Scottsdale","Maricopa","AZ","85257","US","US/Mountain","KPHX","2019-03-22 13:51:00",70,NA,26,30.01,10,"Variable",5.8,NA,"Partly Cloudy","False","False","True","False","False","False","False","False","False","False","False","True","False","Day","Day","Day","Day"
"A-2236385","Source2",2,"2019-03-24 08:41:17","2019-03-24 09:44:47",33.465759,-111.900726,NA,NA,0,"Accident on Granite Reef Rd at Mcdowell Rd.","E McDowell Rd","Scottsdale","Maricopa","AZ","85257","US","US/Mountain","KPHX","2019-03-24 08:51:00",62.1,NA,44,30.08,10,"East",6.9,NA,"Partly Cloudy","False","False","False","False","False","False","False","False","False","False","False","True","False","Day","Day","Day","Day"
"A-2253596","Source2",2,"2019-03-01 14:18:09","2019-03-01 14:47:53",33.46582,-111.908867,NA,NA,0,"Accident on Mcdowell Rd at Hayden Rd.","N Hayden Rd","Scottsdale","Maricopa","AZ","85257","US","US/Mountain","KPHX","2019-03-01 13:51:00",75.9,NA,33,29.93,10,"Variable",5.8,NA,"Mostly Cloudy","False","False","True","False","False","False","False","False","False","False","False","True","False","Day","Day","Day","Day"
"A-2263397","Source2",2,"2019-02-04 10:05:51","2019-02-04 10:35:34",33.4627,-111.900528,NA,NA,0,"Accident pedestrian involved on Granite Reef Rd at Joe Foss Way.","E Joe Foss Way","Scottsdale","Maricopa","AZ","85257","US","US/Mountain","KPHX","2019-02-04 09:51:00",59,NA,87,29.85,10,"South",4.6,NA,"Mostly Cloudy","False","False","True","False","False","False","False","False","False","False","False","True","False","Day","Day","Day","Day"
"A-2266044","Source2",2,"2019-02-05 07:16:18","2019-02-05 08:01:03",33.480209,-111.943192,NA,NA,0,"Accident on 64th St at Thomas Rd.","E Thomas Rd","Scottsdale","Maricopa","AZ","85257","US","US/Mountain","KPHX","2019-02-05 06:51:00",51.1,NA,80,29.83,10,"East",5.8,NA,"Mostly Cloudy","False","False","True","False","False","False","False","False","True","False","False","True","False","Night","Day","Day","Day"
"A-2266095","Source2",2,"2019-02-05 17:26:40","2019-02-05 17:56:26",33.458481,-111.926353,NA,NA,0,"Accident on Scottsdale Rd near Roosevelt St.","E Continental Dr","Scottsdale","Maricopa","AZ","85257","US","US/Mountain","KPHX","2019-02-05 17:51:00",62.1,NA,52,29.74,10,"South",12.7,NA,"Scattered Clouds","False","False","True","False","False","False","False","False","False","False","False","True","False","Day","Day","Day","Day"
"A-2292724","Source2",2,"2019-02-18 15:13:32","2019-02-18 15:43:19",33.465805,-111.914597,NA,NA,0,"Accident on Mcdowell Rd at 77th St.","N 77th St","Scottsdale","Maricopa","AZ","85257","US","US/Mountain","KPHX","2019-02-18 14:51:00",54,NA,45,29.9,10,"SSW",10.4,NA,"Mostly Cloudy","False","False","True","False","False","False","False","False","False","False","False","True","False","Day","Day","Day","Day"
"A-2300196","Source2",2,"2019-02-21 07:40:37","2019-02-21 08:25:27",33.480209,-111.943192,NA,NA,0,"Accident on 64th St at Thomas Rd.","E Thomas Rd","Scottsdale","Maricopa","AZ","85257","US","US/Mountain","KPHX","2019-02-21 07:51:00",44.1,41.5,96,29.65,6,"East",4.6,0.05,"Heavy Rain","False","False","True","False","False","False","False","False","True","False","False","True","False","Day","Day","Day","Day"
"A-2300230","Source2",2,"2019-02-21 16:02:46","2019-02-21 16:32:32",33.458481,-111.926353,NA,NA,0,"Accident on Roosevelt St at Scottsdale Rd.","E Continental Dr","Scottsdale","Maricopa","AZ","85257","US","US/Mountain","KPHX","2019-02-21 15:51:00",46.9,NA,86,29.62,10,"SE",9.2,0.03,"Light Rain","False","False","True","False","False","False","False","False","False","False","False","True","False","Day","Day","Day","Day"
"A-2310994","Source2",2,"2019-02-27 16:15:05","2019-02-27 16:44:50",33.480209,-111.943192,NA,NA,0,"Accident on 64th St at Thomas Rd.","E Thomas Rd","Scottsdale","Maricopa","AZ","85257","US","US/Mountain","KPHX","2019-02-27 15:51:00",75.9,NA,21,29.98,10,"Variable",3.5,NA,"Scattered Clouds","False","False","True","False","False","False","False","False","True","False","False","True","False","Day","Day","Day","Day"
"A-2370205","Source2",2,"2019-01-30 14:51:33","2019-01-30 15:21:17",33.458481,-111.926353,NA,NA,0,"Accident on Roosevelt St at Scottsdale Rd.","E Continental Dr","Scottsdale","Maricopa","AZ","85257","US","US/Mountain","KPHX","2019-01-30 14:51:00",72,NA,21,29.82,10,"NW",4.6,NA,"Mostly Cloudy","False","False","True","False","False","False","False","False","False","False","False","True","False","Day","Day","Day","Day"
"A-2377084","Source2",2,"2018-12-03 15:37:15","2018-12-03 16:06:51",33.465794,-111.908951,NA,NA,0,"Accident on Hayden Rd at McDowell Rd.","N Hayden Rd","Scottsdale","Maricopa","AZ","85257","US","US/Mountain","KPHX","2018-12-03 15:51:00",62.1,NA,25,30.09,10,"Calm",NA,NA,"Clear","False","False","True","False","False","False","False","False","False","False","False","True","False","Day","Day","Day","Day"
"A-2467513","Source2",2,"2018-11-19 17:33:14","2018-11-19 18:02:58",33.465637,-111.93483,NA,NA,0,"Accident on 68th St at McDowell Rd.","N 68th St","Scottsdale","Maricopa","AZ","85257","US","US/Mountain","KPHX","2018-11-19 17:51:00",72,NA,15,29.97,10,"NNW",3.5,NA,"Mostly Cloudy","False","False","True","False","False","False","False","False","False","False","False","True","False","Night","Day","Day","Day"
"A-2501975","Source2",2,"2018-10-05 06:46:57","2018-10-05 07:16:37",33.465794,-111.908951,NA,NA,0,"Accident pedestrian involved on Hayden Rd at McDowell Rd.","N Hayden Rd","Scottsdale","Maricopa","AZ","85257","US","US/Mountain","KPHX","2018-10-05 06:51:00",70,NA,76,29.84,10,"Calm",NA,NA,"Partly Cloudy","False","False","True","False","False","False","False","False","False","False","False","True","False","Day","Day","Day","Day"
"A-2522410","Source2",2,"2018-10-16 08:41:19","2018-10-16 09:11:11",33.465733,-111.926224,NA,NA,0,"Accident on McDowell Rd at Scottsdale Rd.","N Scottsdale Rd","Scottsdale","Maricopa","AZ","85257","US","US/Mountain","KPHX","2018-10-16 08:51:00",62.1,NA,53,29.99,10,"ENE",17.3,NA,"Mostly Cloudy","False","False","True","False","False","False","False","False","False","False","False","True","False","Day","Day","Day","Day"
"A-2554882","Source2",2,"2018-10-30 08:00:44","2018-10-30 08:45:30",33.465748,-111.900681,NA,NA,0,"Lane blocked due to accident on McDowell Rd at Granite Reef Rd.","N Granite Reef Rd","Scottsdale","Maricopa","AZ","85257","US","US/Mountain","KPHX","2018-10-30 07:51:00",70,NA,49,29.8,10,"ESE",8.1,NA,"Mostly Cloudy","False","False","False","False","False","False","False","False","False","False","False","True","False","Day","Day","Day","Day"
"A-2568219","Source2",2,"2018-09-06 11:12:10","2018-09-06 11:41:28",33.464188,-111.934853,NA,NA,0,"Accident on 68th St at Loma Land Dr.","N 68th St","Scottsdale","Maricopa","AZ","85257","US","US/Mountain","KPHX","2018-09-06 10:51:00",96.1,NA,24,29.93,10,"East",8.1,NA,"Partly Cloudy","False","False","False","False","False","False","False","False","False","False","False","False","False","Day","Day","Day","Day"
"A-2592171","Source2",2,"2018-09-18 19:47:10","2018-09-18 20:16:50",33.465794,-111.908951,NA,NA,0,"Accident on Hayden Rd at McDowell Rd.","N Hayden Rd","Scottsdale","Maricopa","AZ","85257","US","US/Mountain","KPHX","2018-09-18 19:51:00",98.1,NA,25,29.62,10,"West",12.7,NA,"Scattered Clouds","False","False","True","False","False","False","False","False","False","False","False","True","False","Night","Night","Night","Day"
"A-2599900","Source2",2,"2018-09-21 07:06:29","2018-09-21 07:51:16",33.465733,-111.926224,NA,NA,0,"Accident on McDowell Rd at Scottsdale Rd.","N Scottsdale Rd","Scottsdale","Maricopa","AZ","85257","US","US/Mountain","KPHX","2018-09-21 06:51:00",79,NA,66,29.88,10,"East",6.9,NA,"Partly Cloudy","False","False","True","False","False","False","False","False","False","False","False","True","False","Day","Day","Day","Day"
"A-2612313","Source2",2,"2018-09-27 16:34:01","2018-09-27 17:03:48",33.480499,-111.891983,NA,NA,0,"Accident on Pima Rd at Thomas Rd.","N Pima Rd","Scottsdale","Maricopa","AZ","85257","US","US/Mountain","KPHX","2018-09-27 16:51:00",102.9,NA,12,29.7,10,"SW",4.6,NA,"Scattered Clouds","False","False","True","False","False","False","False","False","False","False","False","True","False","Day","Day","Day","Day"
"A-2617993","Source2",2,"2018-07-31 13:30:44","2018-07-31 14:00:15",33.465794,-111.908951,NA,NA,0,"Accident on Hayden Rd at McDowell Rd.","N Hayden Rd","Scottsdale","Maricopa","AZ","85257","US","US/Mountain","KPHX","2018-07-31 13:51:00",102.9,NA,25,29.82,10,"Calm",NA,NA,"Partly Cloudy","False","False","True","False","False","False","False","False","False","False","False","True","False","Day","Day","Day","Day"
"A-2618010","Source2",2,"2018-07-31 15:40:49","2018-07-31 16:10:31",33.480366,-111.917572,NA,NA,0,"Accident on Miller Rd at Thomas Rd.","N Miller Rd","Scottsdale","Maricopa","AZ","85257","US","US/Mountain","KPHX","2018-07-31 15:51:00",105.1,NA,20,29.76,10,"West",4.6,NA,"Partly Cloudy","False","False","True","False","False","True","False","False","False","False","False","True","False","Day","Day","Day","Day"
"A-2632024","Source2",2,"2018-08-07 18:18:33","2018-08-07 18:48:13",33.465836,-111.904312,NA,NA,0,"Accident on 82nd Pl at McDowell Rd.","E McDowell Rd","Scottsdale","Maricopa","AZ","85257","US","US/Mountain","KPHX","2018-08-07 17:51:00",109,NA,17,29.59,10,"West",15,NA,"Scattered Clouds","False","False","True","True","False","False","False","False","True","False","False","False","False","Day","Day","Day","Day"
"A-2634493","Source2",2,"2018-08-08 20:40:35","2018-08-08 21:10:16",33.46582,-111.907166,NA,NA,0,"Accident on McDowell Rd at Almeria Rd.","E Almeria Rd","Scottsdale","Maricopa","AZ","85257","US","US/Mountain","KPHX","2018-08-08 20:51:00",81,NA,62,29.87,10,"West",3.5,0.08,"Light Thunderstorms and Rain","False","False","False","False","False","False","False","False","False","True","False","False","False","Night","Night","Night","Day"
"A-2653618","Source2",2,"2018-08-17 16:59:31","2018-08-17 17:29:03",33.465748,-111.921875,NA,NA,0,"Accident on 74th St at McDowell Rd.","N 74th St","Scottsdale","Maricopa","AZ","85257","US","US/Mountain","KPHX","2018-08-17 16:51:00",102,NA,26,29.83,10,"West",12.7,NA,"Mostly Cloudy","False","False","True","False","False","False","False","False","False","False","False","True","False","Day","Day","Day","Day"
"A-2657678","Source2",2,"2018-08-20 17:39:20","2018-08-20 18:09:05",33.465733,-111.926224,NA,NA,0,"Accident on McDowell Rd at Scottsdale Rd.","N Scottsdale Rd","Scottsdale","Maricopa","AZ","85257","US","US/Mountain","KPHX","2018-08-20 17:51:00",106,NA,22,29.69,10,"West",10.4,NA,"Mostly Cloudy","False","False","True","False","False","False","False","False","False","False","False","True","False","Day","Day","Day","Day"
"A-2751032","Source2",2,"2018-06-08 10:56:46","2018-06-08 11:41:32",33.465748,-111.900681,NA,NA,0,"Accident on Granite Reef Rd at McDowell Rd.","N Granite Reef Rd","Scottsdale","Maricopa","AZ","85257","US","US/Mountain","KPHX","2018-06-08 10:51:00",97,NA,8,29.82,10,"Variable",3.5,NA,"Clear","False","False","False","False","False","False","False","False","False","False","False","True","False","Day","Day","Day","Day"
"A-2796380","Source2",2,"2018-05-01 16:39:32","2018-05-01 17:39:17",33.480499,-111.891983,NA,NA,0,"Accident on Thomas Rd at Pima Rd.","N Pima Rd","Scottsdale","Maricopa","AZ","85257","US","US/Mountain","KPHX","2018-05-01 16:51:00",73,NA,35,29.7,10,"West",10.4,NA,"Overcast","False","False","True","False","False","False","False","False","False","False","False","True","False","Day","Day","Day","Day"
"A-2810884","Source2",2,"2018-05-08 13:56:02","2018-05-08 14:25:28",33.480366,-111.917572,NA,NA,0,"Right lane closed due to accident on Thomas Rd at Miller Rd.","N Miller Rd","Scottsdale","Maricopa","AZ","85257","US","US/Mountain","KPHX","2018-05-08 13:51:00",100.9,NA,5,29.79,10,"ESE",4.6,NA,"Partly Cloudy","False","False","True","False","False","True","False","False","False","False","False","True","False","Day","Day","Day","Day"
"A-2845808","Source2",2,"2018-05-24 11:00:01","2018-05-24 11:59:48",33.465748,-111.921875,NA,NA,0,"Accident on 74th St at McDowell Rd.","N 74th St","Scottsdale","Maricopa","AZ","85257","US","US/Mountain","KPHX","2018-05-24 10:51:00",88,NA,15,29.92,10,"NW",5.8,NA,"Clear","False","False","True","False","False","False","False","False","False","False","False","True","False","Day","Day","Day","Day"
"A-2865567","Source2",2,"2018-04-04 16:25:51","2018-04-04 17:10:38",33.465637,-111.93483,NA,NA,0,"Accident on McDowell Rd at 68th St.","N 68th St","Scottsdale","Maricopa","AZ","85257","US","US/Mountain","KPHX","2018-04-04 16:51:00",87.1,NA,13,29.82,10,"WNW",10.4,NA,"Mostly Cloudy","False","False","True","False","False","False","False","False","False","False","False","True","False","Day","Day","Day","Day"
"A-2923768","Source2",2,"2018-03-02 11:40:48","2018-03-02 12:55:36",33.465733,-111.926224,NA,NA,0,"Accident on McDowell Rd at Scottsdale Rd.","N Scottsdale Rd","Scottsdale","Maricopa","AZ","85257","US","US/Mountain","KPHX","2018-03-02 11:51:00",68,NA,25,30.03,10,"ESE",5.8,NA,"Clear","False","False","True","False","False","False","False","False","False","False","False","True","False","Day","Day","Day","Day"
"A-3009987","Source2",2,"2018-02-13 17:17:46","2018-02-13 18:17:46",33.480202,-111.891838,NA,NA,0,"Accident on Pima Rd Northbound at Thomas Rd.","E Thomas Rd","Scottsdale","Maricopa","AZ","85257","US","US/Mountain","KPHX","2018-02-13 16:51:00",71.1,NA,35,30.06,10,"SSE",8.1,NA,"Mostly Cloudy","False","False","True","False","False","False","False","False","False","False","False","True","False","Day","Day","Day","Day"
"A-3026146","Source2",2,"2018-02-21 14:16:56","2018-02-21 14:44:22",33.465794,-111.908951,NA,NA,0,"Middle lane blocked due to accident on McDowell Rd Westbound at Hayden Rd.","N Hayden Rd","Scottsdale","Maricopa","AZ","85257","US","US/Mountain","KPHX","2018-02-21 13:51:00",59,NA,17,30.03,10,"SW",10.4,NA,"Mostly Cloudy","False","False","True","False","False","False","False","False","False","False","False","True","False","Day","Day","Day","Day"
"A-3084866","Source2",2,"2018-01-24 10:04:00","2018-01-24 11:03:46",33.463989,-111.908897,NA,NA,0,"Left lane blocked due to accident on Hayden Rd both ways at Commerce Center Blvd.","N Hayden Rd","Scottsdale","Maricopa","AZ","85257","US","US/Mountain","KPHX","2018-01-24 09:51:00",61,NA,16,30.19,10,"East",12.7,NA,"Clear","False","False","True","False","False","False","False","False","False","False","False","True","False","Day","Day","Day","Day"
"A-3102025","Source2",2,"2017-12-01 10:53:33","2017-12-01 11:53:22",33.465794,-111.908951,NA,NA,0,"Accident on Hayden Rd at McDowell Rd.","N Hayden Rd","Scottsdale","Maricopa","AZ","85257","US","US/Mountain","KPHX","2017-12-01 10:51:00",70,NA,35,29.97,10,"SE",8.1,NA,"Mostly Cloudy","False","False","True","False","False","False","False","False","False","False","False","True","False","Day","Day","Day","Day"
"A-3126985","Source2",2,"2017-12-13 13:54:44","2017-12-13 14:24:24",33.453564,-111.926422,NA,NA,0,"Accident on Fillmore St at Scottsdale Rd.","E Fillmore St","Scottsdale","Maricopa","AZ","85257","US","US/Mountain","KPHX","2017-12-13 13:51:00",75,NA,8,29.92,10,"Calm",NA,NA,"Partly Cloudy","False","False","True","False","False","False","False","False","False","True","False","False","False","Day","Day","Day","Day"
"A-3145381","Source2",2,"2017-12-21 14:51:02","2017-12-21 15:20:47",33.459202,-111.930649,NA,NA,0,"Accident on 70th St at Diamond St.","N 70th St","Scottsdale","Maricopa","AZ","85257","US","US/Mountain","KPHX","2017-12-21 14:51:00",55.9,NA,19,29.94,10,"West",21.9,NA,"Partly Cloudy","False","False","False","False","False","False","False","False","False","False","False","False","False","Day","Day","Day","Day"
"A-3147862","Source2",2,"2017-12-22 12:28:59","2017-12-22 12:58:48",33.465733,-111.926224,NA,NA,0,"Accident on McDowell Rd at Scottsdale Rd.","N Scottsdale Rd","Scottsdale","Maricopa","AZ","85257","US","US/Mountain","KPHX","2017-12-22 12:51:00",53.1,NA,26,30.29,10,"WNW",3.5,NA,"Partly Cloudy","False","False","True","False","False","False","False","False","False","False","False","True","False","Day","Day","Day","Day"
"A-3179547","Source2",2,"2017-11-10 08:11:00","2017-11-10 09:10:53",33.465794,-111.908951,NA,NA,0,"Accident on Hayden Rd at McDowell Rd.","N Hayden Rd","Scottsdale","Maricopa","AZ","85257","US","US/Mountain","KPHX","2017-11-10 07:51:00",63,NA,54,29.91,10,"Calm",NA,NA,"Scattered Clouds","False","False","True","False","False","False","False","False","False","False","False","True","False","Day","Day","Day","Day"
"A-3201933","Source2",2,"2017-11-22 10:28:43","2017-11-22 11:28:32",33.480366,-111.917572,NA,NA,0,"Accident on Miller Rd at Thomas Rd.","N Miller Rd","Scottsdale","Maricopa","AZ","85257","US","US/Mountain","KPHX","2017-11-22 10:51:00",81,NA,14,30.12,10,"East",8.1,NA,"Partly Cloudy","False","False","True","False","False","True","False","False","False","False","False","True","False","Day","Day","Day","Day"
"A-3224449","Source2",2,"2017-10-04 15:25:06","2017-10-04 15:54:57",33.47448,-111.917549,NA,NA,0,"Accident on Miller Rd at Murray Ln.","E Murray Ln","Scottsdale","Maricopa","AZ","85257","US","US/Mountain","KPHX","2017-10-04 15:51:00",97,NA,18,29.78,10,"NW",8.1,NA,"Partly Cloudy","False","False","True","True","False","False","False","False","False","False","False","False","False","Day","Day","Day","Day"
"A-3303145","Source2",2,"2017-09-12 09:49:08","2017-09-12 10:48:54",33.465836,-111.904312,NA,NA,0,"Accident on 82nd Pl at McDowell Rd.","E McDowell Rd","Scottsdale","Maricopa","AZ","85257","US","US/Mountain","KPHX","2017-09-12 09:51:00",97,NA,24,29.81,10,"ESE",5.8,NA,"Partly Cloudy","False","False","True","True","False","False","False","False","True","False","False","False","False","Day","Day","Day","Day"
"A-3350165","Source2",2,"2017-08-01 05:05:11","2017-08-01 05:35:00",33.465637,-111.93483,NA,NA,0,"Accident on 68th St at McDowell Rd.","N 68th St","Scottsdale","Maricopa","AZ","85257","US","US/Mountain","KPHX","2017-08-01 04:51:00",89.1,NA,40,29.82,10,"SE",8.1,NA,"Mostly Cloudy","False","False","True","False","False","False","False","False","False","False","False","True","False","Night","Night","Day","Day"
"A-3511453","Source1",4,"2016-12-18 22:54:48","2016-12-19 04:54:48",33.466685,-111.90896,33.464463,-111.90898,0.154,"Closed between Coronado Rd and Loma Land Dr - Road closed due to accident."," N Hayden Rd","Scottsdale","Maricopa","AZ","85257","US","US/Mountain","KPHX","2016-12-18 22:51:00",48,NA,41,30.21,10,"WSW",3.5,NA,"Partly Cloudy","False","False","False","False","False","False","False","False","True","False","False","False","False","Night","Night","Night","Night"
"A-3512041","Source1",4,"2017-01-14 16:37:53","2017-01-14 22:37:53",33.48038,-111.89183,33.48044,-111.88266,0.528,"Closed between Pima Rd and 92nd St - Road closed due to accident."," E Thomas Rd","Scottsdale","Maricopa","AZ","85257","US","US/Mountain","KPHX","2017-01-14 16:51:00",61,NA,67,29.85,10,"ESE",4.6,0,"Scattered Clouds","False","False","True","False","False","False","False","False","False","False","False","True","False","Day","Day","Day","Day"
"A-3512342","Source1",3,"2016-10-21 09:30:24","2016-10-21 15:30:24",33.45127,-111.9093,33.451271,-111.909263,0.002,"At Hayden Rd/McClintock Rd - Accident."," E McKellips Rd","Scottsdale","Maricopa","AZ","85257","US","US/Mountain","KPHX","2016-10-21 09:51:00",84.9,NA,20,29.94,10,"ENE",13.8,NA,"Clear","False","False","False","False","False","False","False","False","False","False","False","True","False","Day","Day","Day","Day"
"A-3512343","Source1",3,"2016-10-21 09:30:24","2016-10-21 15:30:24",33.451271,-111.909263,33.45127,-111.9093,0.002,"At Hayden Rd/McClintock Rd - Accident."," E McKellips Rd","Scottsdale","Maricopa","AZ","85257","US","US/Mountain","KPHX","2016-10-21 09:51:00",84.9,NA,20,29.94,10,"ENE",13.8,NA,"Clear","False","False","False","False","False","False","False","False","False","False","False","True","False","Day","Day","Day","Day"
"A-3703492","Source1",2,"2023-03-22 01:00:00","2023-03-22 12:00:00",33.46556783,-111.93481564,33.46569783,-111.93481564,0.009,"McDowell Rd FROM: McDowell Rd TO: McDowell Rd - Incident - CLOSED: McDowell Rd Eastbound at 68th St due to a crash. Please avoid the area"," N Monte Vista Dr","Scottsdale","Maricopa","AZ","85257","US","US/Mountain","KPHX","2023-03-22 00:51:00",65,65,50,28.62,10,"S",13,0,"Mostly Cloudy","False","False","True","False","False","False","False","False","False","False","False","True","False","Night","Night","Night","Night"
"A-3706887","Source1",2,"2022-02-15 21:28:00","2022-02-15 22:46:43",33.46904,-111.908656,33.469799,-111.908488,0.053,"Incident on N HAYDEN RD near E PALM LN Expect delays.","N Hayden Rd","Scottsdale","Maricopa","AZ","85257","US","US/Mountain","KPHX","2022-02-15 21:51:00",65,65,22,28.49,10,"S",14,0,"Fair","False","False","False","False","False","False","False","False","False","False","False","False","False","Night","Night","Night","Night"
"A-3952547","Source1",2,"2022-10-07 12:18:59","2022-10-07 13:47:41",33.465655,-111.925537,33.465674,-111.924009,0.088,"Incident on E MCDOWELL RD near N SCOTTSDALE RD Expect delays.","E McDowell Rd","Scottsdale","Maricopa","AZ","85257","US","US/Mountain","KPHX","2022-10-07 11:51:00",87,87,27,28.87,10,"SE",7,0,"Partly Cloudy","False","False","False","False","False","False","False","False","False","False","False","False","False","Day","Day","Day","Day"
"A-3976009","Source1",2,"2022-10-10 11:59:39.000000000","2022-10-10 13:16:57.000000000",33.478125,-111.917553,33.47883,-111.917564,0.049,"Incident on N MILLER RD near E WINDSOR AVE Expect delays."," N Miller Rd","Scottsdale","Maricopa","AZ","85257","US","US/Mountain","KPHX","2022-10-10 11:51:00",85,85,30,28.77,10,"SE",10,0,"Fair","False","False","False","False","False","False","False","False","False","False","False","False","False","Day","Day","Day","Day"
"A-4015343","Source1",2,"2022-04-30 20:18:35","2022-05-01 00:11:33",33.4659111498191,-111.891878842774,33.4659211498191,-111.893688842774,0.104,"Incident on MCDOWELL RD near HOUSE 8800 Expect delays.","E McDowell Rd","Scottsdale","Maricopa","AZ","85257","US","US/Mountain","KPHX","2022-04-30 19:51:00",92,92,5,28.49,10,"W",12,0,"Fair","False","False","True","False","False","False","False","False","False","False","False","True","False","Night","Night","Night","Day"
"A-4057554","Source1",2,"2023-01-26 16:10:45","2023-01-27 06:03:15",33.455351,-111.909087,33.456046,-111.909064,0.048,"Incident on N HAYDEN RD near E KIMSEY LN Expect delays.","E McKinley St","Scottsdale","Maricopa","AZ","85257","US","US/Mountain","KPHX","2023-01-26 15:51:00",62,62,12,29.05,10,"NNE",12,0,"Fair","False","False","False","False","False","False","False","False","False","False","False","False","False","Day","Day","Day","Day"
"A-4105135","Source1",2,"2022-05-31 13:45:43","2022-05-31 15:27:41",33.462999,-111.926345,33.462462,-111.926354,0.037,"Incident on SCOTTSDALE RD near HOUSE 1300 Expect delays."," N Scottsdale Rd","Scottsdale","Maricopa","AZ","85257","US","US/Mountain","KPHX","2022-05-31 13:51:00",93,93,12,28.53,10,"VAR",7,0,"Fair","False","False","False","False","False","False","False","False","False","False","False","False","False","Day","Day","Day","Day"
"A-4228518","Source1",2,"2022-04-08 18:11:39","2022-04-08 19:52:22",33.465676,-111.936185,33.465673,-111.936665,0.028,"Incident on MCDOWELL RD near HOUSE 6600 Expect delays.","E McDowell Rd","Scottsdale","Maricopa","AZ","85257","US","US/Mountain","KPHX","2022-04-08 17:51:00",94,94,4,28.65,10,"N",5,0,"Fair","False","False","False","False","False","False","False","False","False","False","False","False","False","Day","Day","Day","Day"
"A-4378895","Source1",2,"2022-05-22 19:32:30","2022-05-22 20:53:46",33.479912,-111.908944,33.480444,-111.908943,0.037,"Incident on N HAYDEN RD near E THOMAS RD Expect delays."," N Hayden Rd","Scottsdale","Maricopa","AZ","85257","US","US/Mountain","KPHX","2022-05-22 19:51:00",93,93,10,28.59,10,"W",10,0,"Partly Cloudy","False","False","True","False","False","False","False","False","False","False","False","False","False","Night","Day","Day","Day"
"A-4391287","Source1",2,"2022-04-06 08:57:30.000000000","2022-04-06 11:00:01.000000000",33.464028,-111.908814,33.465884,-111.909639,0.137,"Slow traffic from E Commerce Center Blvd to N 79th St due to accident.","E Commerce Center Blvd","Scottsdale","Maricopa","AZ","85257","US","US/Mountain","KPHX","2022-04-06 08:51:00",71,71,31,28.77,10,"E",7,0,"Fair","False","False","True","False","False","False","False","False","False","False","False","True","False","Day","Day","Day","Day"
"A-4480890","Source1",2,"2022-09-21 08:00:00","2022-09-21 10:00:00",33.46586,-111.914593,33.465712,-111.914593,0.01,"McDowell Rd FROM: 77th St TO: 77th St - Incident - CLOSED: McDowell Rd Eastbound at 77th St due to a crash. Please avoid the area. #scottsdale #phxtraffic","N 77th St","Scottsdale","Maricopa","AZ","85257","US","US/Mountain","KPHX","2022-09-21 07:51:00",80,80,64,28.7,10,"E",10,0,"Mostly Cloudy","False","False","True","False","False","False","False","False","False","False","False","True","False","Day","Day","Day","Day"
"A-4503117","Source1",2,"2022-03-03 15:05:25","2022-03-03 16:28:41",33.465607,-111.93052,33.46575,-111.930523,0.01,"Incident on N 70TH ST near E MCDOWELL RD Expect delays."," N 70th St","Scottsdale","Maricopa","AZ","85257","US","US/Mountain","KPHX","2022-03-03 14:51:00",87,87,10,28.63,10,"VAR",6,0,"Fair","False","False","True","False","False","False","False","False","False","False","False","True","False","Day","Day","Day","Day"
"A-4585222","Source1",2,"2022-11-16 07:11:37","2022-11-16 08:31:58",33.457124,-111.909025,33.45648,-111.904905,0.242,"Incident on E GARFIELD ST near N HAYDEN RD Expect delays."," E Garfield St","Scottsdale","Maricopa","AZ","85257","US","US/Mountain","KPHX","2022-11-16 06:51:00",45,43,34,29,10,"SW",5,0,"Fair","False","False","False","False","False","False","False","False","False","True","False","False","False","Day","Day","Day","Day"
"A-4606945","Source1",2,"2022-05-31 13:45:43","2022-05-31 15:07:38",33.462999,-111.926345,33.462462,-111.926354,0.037,"Incident on SCOTTSDALE RD near HOUSE 1300 Expect delays."," N Scottsdale Rd","Scottsdale","Maricopa","AZ","85257","US","US/Mountain","KPHX","2022-05-31 13:51:00",93,93,12,28.53,10,"VAR",7,0,"Fair","False","False","False","False","False","False","False","False","False","False","False","False","False","Day","Day","Day","Day"
"A-4658348","Source1",2,"2022-12-23 15:40:10","2022-12-23 16:57:41",33.472986,-111.933259,33.473789,-111.933255,0.055,"Incident on N 68TH ST near E OAK ST Expect delays."," N 68th Pl","Scottsdale","Maricopa","AZ","85257","US","US/Mountain","KPHX","2022-12-23 15:51:00",67,67,24,28.87,10,"W",3,0,"Fair","False","False","True","False","False","False","False","False","False","False","False","False","False","Day","Day","Day","Day"
"A-4716791","Source1",2,"2022-01-22 19:40:00","2022-01-22 20:58:52",33.4731209276511,-111.891814469758,33.4803909276511,-111.891814469758,0.502,"Incident on N PIMA RD near E THOMAS RD Expect delays.","E Oak St","Scottsdale","Maricopa","AZ","85257","US","US/Mountain","KPHX","2022-01-22 19:51:00",61,61,41,28.8,10,"E",16,0,"Mostly Cloudy","False","False","False","False","False","False","False","False","False","True","False","False","False","Night","Night","Night","Night"
"A-4741659","Source1",2,"2022-04-08 18:11:39","2022-04-08 19:52:22",33.465676,-111.936185,33.465673,-111.936665,0.028,"Incident on MCDOWELL RD near HOUSE 6600 Expect delays.","E McDowell Rd","Scottsdale","Maricopa","AZ","85257","US","US/Mountain","KPHX","2022-04-08 17:51:00",94,94,4,28.65,10,"N",5,0,"Fair","False","False","False","False","False","False","False","False","False","False","False","False","False","Day","Day","Day","Day"
"A-4763798","Source1",2,"2022-04-06 08:51:30","2022-04-06 09:15:30",33.464028,-111.908814,33.465884,-111.909639,0.137,"Slow traffic from E Commerce Center Blvd to N 79th St due to accident.","E Commerce Center Blvd","Scottsdale","Maricopa","AZ","85257","US","US/Mountain","KPHX","2022-04-06 08:51:00",71,71,31,28.77,10,"E",7,0,"Fair","False","False","True","False","False","False","False","False","False","False","False","True","False","Day","Day","Day","Day"
"A-4790669","Source1",2,"2022-05-18 14:49:33","2022-05-18 16:12:04",33.465784,-111.89167,33.465767,-111.89026,0.081,"Incident on E MCDOWELL RD near N PIMA RD Expect delays.","N 87th Ter","Scottsdale","Maricopa","AZ","85257","US","US/Mountain","KPHX","2022-05-18 14:51:00",100,100,7,28.69,10,"VAR",6,0,"Fair","False","False","False","False","False","False","False","False","False","False","False","True","False","Day","Day","Day","Day"
"A-4944076","Source1",2,"2022-10-15 14:57:00.000000000","2022-10-15 17:11:33.000000000",33.473117,-111.891603,33.473139,-111.888971,0.152,"Crash blocking the right lane on 101-LOOP Eastbound near E McDowell Rd (MP 49)","E Oak St","Scottsdale","Maricopa","AZ","85257","US","US/Mountain","KPHX","2022-10-15 14:51:00",69,69,87,28.61,10,"ENE",12,0.34,"Light Rain with Thunder","False","False","False","False","False","False","False","False","False","False","False","False","False","Day","Day","Day","Day"
"A-5009174","Source1",2,"2022-05-22 05:27:17.000000000","2022-05-22 06:48:32.000000000",33.452053,-111.917904,33.452359,-111.917886,0.021,"Incident on N MILLER RD near E POLK ST Expect delays."," N Miller Rd","Scottsdale","Maricopa","AZ","85257","US","US/Mountain","KPHX","2022-05-22 05:51:00",72,72,26,28.71,10,"ESE",5,0,"Partly Cloudy","False","False","False","False","False","False","False","False","False","True","False","False","False","Day","Day","Day","Day"
"A-5046125","Source1",2,"2022-04-06 01:00:00","2022-04-06 13:00:00",33.465877,-111.90876,33.465879,-111.908951,0.011,"McDowell Rd FROM: Hayden Rd TO: Hayden Rd - Incident - BLOCKED: McDowell Rd / Hayden Rd the intersection is BLOCKED due to a crash. Please avoid the area. #scottsdale #phxtraffic","E McDowell Rd","Scottsdale","Maricopa","AZ","85257","US","US/Mountain","KPHX","2022-04-06 00:51:00",80,80,20,28.62,10,"WNW",16,0,"Fair","False","False","True","False","False","False","False","False","False","False","False","True","False","Night","Night","Night","Night"
"A-5059262","Source1",2,"2023-01-26 14:17:00","2023-01-26 16:26:26",33.465752,-111.889085,33.465748,-111.888353,0.042,"Crash blocking the right lane on 101-LOOP Eastbound near E McDowell Rd (MP 50)"," E McDowell Rd","Scottsdale","Maricopa","AZ","85257","US","US/Mountain","KPHX","2023-01-26 13:51:00",61,61,13,29.05,10,"ENE",15,0,"Fair","False","False","True","False","False","False","False","False","False","False","False","True","False","Day","Day","Day","Day"
"A-5087802","Source1",2,"2022-05-16 19:39:16.000000000","2022-05-16 21:01:17.000000000",33.480322,-111.91324,33.480426,-111.913243,0.007,"Incident on N 77TH PL near E THOMAS RD Expect delays.","N 78th St","Scottsdale","Maricopa","AZ","85257","US","US/Mountain","KPHX","2022-05-16 19:51:00",100,100,5,28.5,10,"WNW",14,0,"Fair","False","False","True","False","False","False","False","False","False","True","False","False","False","Night","Day","Day","Day"
"A-5207144","Source1",2,"2022-10-07 12:18:59","2022-10-07 14:32:40",33.465655,-111.925537,33.465674,-111.924009,0.088,"Incident on E MCDOWELL RD near N SCOTTSDALE RD Expect delays.","E McDowell Rd","Scottsdale","Maricopa","AZ","85257","US","US/Mountain","KPHX","2022-10-07 11:51:00",87,87,27,28.87,10,"SE",7,0,"Partly Cloudy","False","False","False","False","False","False","False","False","False","False","False","False","False","Day","Day","Day","Day"
"A-5262759","Source1",2,"2022-04-08 07:20:34","2022-04-08 08:42:08",33.469377,-111.926928,33.469382,-111.926213,0.041,"Incident on E PALM LN near N SCOTTSDALE RD Expect delays."," E Palm Ln","Scottsdale","Maricopa","AZ","85257","US","US/Mountain","KPHX","2022-04-08 06:51:00",68,68,14,28.79,10,"WNW",3,0,"Fair","False","False","False","False","False","False","False","False","False","False","False","False","False","Day","Day","Day","Day"
"A-5288873","Source1",2,"2022-05-18 14:49:33.000000000","2022-05-18 16:12:04.000000000",33.465784,-111.89167,33.465767,-111.89026,0.081,"Incident on E MCDOWELL RD near N PIMA RD Expect delays.","N 87th Ter","Scottsdale","Maricopa","AZ","85257","US","US/Mountain","KPHX","2022-05-18 14:51:00",100,100,7,28.69,10,"VAR",6,0,"Fair","False","False","False","False","False","False","False","False","False","False","False","True","False","Day","Day","Day","Day"
"A-5414354","Source1",2,"2022-04-07 20:00:02.000000000","2022-04-07 21:22:01.000000000",33.472222,-111.914273,33.472702,-111.914271,0.033,"Incident on N 77TH ST near E OAK ST Expect delays."," N 77th St","Scottsdale","Maricopa","AZ","85257","US","US/Mountain","KPHX","2022-04-07 19:51:00",91,91,5,28.73,10,"ENE",3,0,"Fair","False","False","False","False","False","False","False","False","False","False","False","False","False","Night","Night","Night","Day"
"A-5513742","Source1",2,"2021-06-23 10:19:00","2021-06-23 12:00:31",33.470122,-111.921865,33.47013,-111.917546,0.249,"Incident on HUBBELL ST near HOUSE 7400 Expect delays."," N 74th St","Scottsdale","Maricopa","AZ","85257","US","US/Mountain","KPHX","2021-06-23 09:51:00",86,86,40,28.71,10,"NW",12,0,"Mostly Cloudy","False","False","False","False","False","False","False","False","False","False","False","False","False","Day","Day","Day","Day"
"A-5526117","Source1",2,"2021-09-22 14:08:00","2021-09-22 15:28:04",33.453564,-111.926351,33.454867,-111.926328,0.09,"Incident on SCOTTSDALE RD near HOUSE 2300 Drive with caution.","E Fillmore St","Scottsdale","Maricopa","AZ","85257","US","US/Mountain","KPHX","2021-09-22 13:51:00",99,99,15,28.82,10,"VAR",5,0,"Fair","False","False","True","False","False","True","False","False","False","True","False","False","False","Day","Day","Day","Day"
"A-5580703","Source1",2,"2021-06-21 23:04:00","2021-06-22 00:44:40",33.470925,-111.900423,33.47091,-111.895614,0.277,"Incident on HOLLY ST near HOUSE 8400 Expect delays."," N Granite Reef Rd","Scottsdale","Maricopa","AZ","85257","US","US/Mountain","KPHX","2021-06-21 22:51:00",100,100,14,28.58,10,"WSW",8,0,"Fair","False","False","False","False","False","False","False","False","False","True","False","False","False","Night","Night","Night","Night"
"A-5602242","Source1",2,"2021-05-22 07:14:00","2021-05-23 00:58:30",33.467023,-111.926314,33.46567,-111.924489,0.141,"Stationary traffic from E Granada Rd to N Innovation Pl due to accident."," N Scottsdale Rd","Scottsdale","Maricopa","AZ","85257","US","US/Mountain","KPHX","2021-05-22 06:51:00",64,64,22,28.68,10,"CALM",0,0,"Fair","False","False","False","False","False","False","False","False","False","False","False","False","False","Day","Day","Day","Day"
"A-5687978","Source1",2,"2021-11-19 18:09:00","2021-11-19 19:35:36",33.463934,-111.90797,33.463533,-111.907977,0.028,"Incident on E COMMERCE CT near N HAYDEN RD Expect delays."," N Commerce Ct","Scottsdale","Maricopa","AZ","85257","US","US/Mountain","KPHX","2021-11-19 17:51:00",77,77,15,28.77,10,"CALM",0,0,"Mostly Cloudy","True","False","False","False","False","False","False","False","False","False","False","False","False","Night","Night","Day","Day"
"A-6025609","Source1",2,"2021-03-22 17:34:00","2021-03-22 18:53:33",33.449016,-111.90933,33.449876,-111.90932,0.059,"Incident on MCCLINTOCK DR near HOUSE 1700 Expect delays."," N McClintock Dr","Scottsdale","Maricopa","AZ","85257","US","US/Mountain","KPHX","2021-03-22 17:51:00",70,70,10,28.67,10,"SW",12,0,"Mostly Cloudy","False","False","False","False","False","False","False","False","False","False","False","False","False","Day","Day","Day","Day"
"A-6068824","Source1",2,"2021-11-19 17:01:00","2021-11-19 18:20:41",33.471608,-111.908815,33.47225,-111.908813,0.044,"Incident on N HAYDEN RD near E MONTE VISTA RD Expect delays.","N Hayden Rd","Scottsdale","Maricopa","AZ","85257","US","US/Mountain","KPHX","2021-11-19 16:51:00",79,79,14,28.77,10,"CALM",0,0,"Mostly Cloudy","False","False","False","False","False","False","False","False","False","True","False","False","False","Day","Day","Day","Day"
"A-6192047","Source1",2,"2021-11-21 21:28:00","2021-11-21 22:46:45",33.4512555597618,-111.909281014862,33.4504255597618,-111.909301014862,0.057,"Incident on N MCCLINTOCK DR near E MCKELLIPS RD Expect delays.","N Hayden Rd","Scottsdale","Maricopa","AZ","85257","US","US/Mountain","KPHX","2021-11-21 21:51:00",64,64,22,28.91,10,"SW",7,0,"Mostly Cloudy","False","False","False","False","False","False","False","False","False","False","False","True","False","Night","Night","Night","Night"
"A-6533184","Source1",2,"2021-01-23 21:44:00","2021-01-23 23:04:30",33.465655,-111.925537,33.465677,-111.924076,0.084,"Incident on E MCDOWELL RD near N SCOTTSDALE RD Drive with caution.","E McDowell Rd","Scottsdale","Maricopa","AZ","85257","US","US/Mountain","KPHX","2021-01-23 21:51:00",54,54,77,28.62,10,"SSE",3,0,"Mostly Cloudy","False","False","False","False","False","False","False","False","False","False","False","False","False","Night","Night","Night","Night"
"A-6605146","Source1",2,"2020-11-18 00:01:00","2020-11-18 01:21:02",33.465655,-111.925537,33.465677,-111.924076,0.084,"Incident on E MCDOWELL RD near N SCOTTSDALE RD Expect delays.","E McDowell Rd","Scottsdale","Maricopa","AZ","85257","US","US/Mountain","KPHX","2020-11-18 00:51:00",66,66,29,28.8,10,"ESE",3,0,"Fair","False","False","False","False","False","False","False","False","False","False","False","False","False","Night","Night","Night","Night"
"A-6690961","Source1",2,"2020-12-23 00:09:00","2020-12-23 01:28:07",33.465781,-111.891581,33.465767,-111.89026,0.076,"Incident on E MCDOWELL RD near N PIMA RD Expect delays."," E McDowell Rd","Scottsdale","Maricopa","AZ","85257","US","US/Mountain","KPHX","2020-12-23 00:51:00",49,45,43,28.82,10,"E",8,0,"Partly Cloudy","False","False","False","False","False","False","False","False","False","False","False","True","False","Night","Night","Night","Night"
"A-6767446","Source1",2,"2020-12-08 21:44:00","2020-12-08 23:23:35",33.465655,-111.925537,33.465677,-111.924076,0.084,"Incident on E MCDOWELL RD near N SCOTTSDALE RD Expect delays.","E McDowell Rd","Scottsdale","Maricopa","AZ","85257","US","US/Mountain","KPHX","2020-12-08 21:51:00",63,63,16,28.91,10,"E",8,0,"Fair","False","False","False","False","False","False","False","False","False","False","False","False","False","Night","Night","Night","Night"
"A-6800019","Source1",2,"2020-10-17 02:25:00","2020-10-17 04:07:21",33.465655,-111.925537,33.465677,-111.924076,0.084,"Incident on E MCDOWELL RD near N SCOTTSDALE RD Expect delays.","E McDowell Rd","Scottsdale","Maricopa","AZ","85257","US","US/Mountain","KPHX","2020-10-17 02:51:00",77,77,17,28.64,10,"CALM",0,0,"Partly Cloudy","False","False","False","False","False","False","False","False","False","False","False","False","False","Night","Night","Night","Night"
"A-6837810","Source1",2,"2020-11-03 20:31:00","2020-11-03 21:50:05",33.465655,-111.925537,33.465677,-111.924076,0.084,"Incident on E MCDOWELL RD near N SCOTTSDALE RD Expect delays.","E McDowell Rd","Scottsdale","Maricopa","AZ","85257","US","US/Mountain","KPHX","2020-11-03 20:51:00",80,80,22,28.75,10,"CALM",0,0,"Partly Cloudy","False","False","False","False","False","False","False","False","False","False","False","False","False","Night","Night","Night","Night"
"A-6858689","Source1",2,"2020-11-18 00:01:00","2020-11-18 01:21:02",33.465655,-111.925537,33.465677,-111.924076,0.084,"Incident on E MCDOWELL RD near N SCOTTSDALE RD Expect delays.","E McDowell Rd","Scottsdale","Maricopa","AZ","85257","US","US/Mountain","KPHX","2020-11-18 00:51:00",66,66,29,28.8,10,"ESE",3,0,"Fair","False","False","False","False","False","False","False","False","False","False","False","False","False","Night","Night","Night","Night"
"A-6886914","Source1",2,"2020-12-23 00:09:00","2020-12-23 01:28:07",33.465781,-111.891581,33.465767,-111.89026,0.076,"Incident on E MCDOWELL RD near N PIMA RD Expect delays."," E McDowell Rd","Scottsdale","Maricopa","AZ","85257","US","US/Mountain","KPHX","2020-12-23 00:51:00",49,45,43,28.82,10,"E",8,0,"Partly Cloudy","False","False","False","False","False","False","False","False","False","False","False","True","False","Night","Night","Night","Night"
"A-6929429","Source1",2,"2020-11-03 20:31:00","2020-11-03 21:50:05",33.465655,-111.925537,33.465677,-111.924076,0.084,"Incident on E MCDOWELL RD near N SCOTTSDALE RD Expect delays.","E McDowell Rd","Scottsdale","Maricopa","AZ","85257","US","US/Mountain","KPHX","2020-11-03 20:51:00",80,80,22,28.75,10,"CALM",0,0,"Partly Cloudy","False","False","False","False","False","False","False","False","False","False","False","False","False","Night","Night","Night","Night"
"A-6987217","Source1",1,"2020-05-28 18:30:17","2020-05-28 19:50:15",33.46591,-111.90896,33.46591,-111.90896,0,"At N Hayden Rd - Serious accident.","N Hayden Rd","Scottsdale","Maricopa","AZ","85257","US","US/Mountain","KPHX","2020-05-28 18:51:00",108,108,7,28.57,10,"W",15,0,"Fair","False","False","True","False","False","False","False","False","False","False","False","True","False","Day","Day","Day","Day"
"A-7029121","Source1",1,"2020-05-14 00:21:49","2020-05-14 00:51:49",33.45851,-111.92633,33.45851,-111.92633,0,"At McDowell Rd - Accident.","E Continental Dr","Scottsdale","Maricopa","AZ","85257","US","US/Mountain","KPHX","2020-05-14 00:51:00",77,77,20,28.64,10,"WSW",6,0,"Fair","False","False","True","False","False","False","False","False","False","False","False","True","False","Night","Night","Night","Night"
"A-7031628","Source1",1,"2020-05-15 10:35:23","2020-05-15 11:20:23",33.45127,-111.9093,33.45127,-111.9093,0,"At E McKellips Rd - Accident."," E McKellips Rd","Scottsdale","Maricopa","AZ","85257","US","US/Mountain","KPHX","2020-05-15 10:51:00",82,82,21,28.66,10,"CALM",0,0,"Partly Cloudy","False","False","False","False","False","False","False","False","False","False","False","True","False","Day","Day","Day","Day"
"A-7064808","Source1",2,"2020-06-28 10:49:41","2020-06-28 12:14:13",33.46573,-111.91046,33.46573,-111.90896,0.086,"At N Hayden Rd - Accident.","E McDowell Rd","Scottsdale","Maricopa","AZ","85257","US","US/Mountain","KPHX","2020-06-28 10:51:00",93,93,16,28.57,10,"S",14,0,"Mostly Cloudy","False","False","False","False","False","False","False","False","False","False","False","False","False","Day","Day","Day","Day"
"A-7087354","Source1",1,"2020-06-14 09:01:54","2020-06-14 09:46:54",33.4657,-111.92613,33.4657,-111.92613,0,"At N Hayden Rd - Accident.","E McDowell Rd","Scottsdale","Maricopa","AZ","85257","US","US/Mountain","KPHX","2020-06-14 08:51:00",81,81,16,28.65,10,"ESE",7,0,"Fair","False","False","True","False","False","False","False","False","False","False","False","True","False","Day","Day","Day","Day"
"A-7128114","Source1",1,"2020-03-21 10:41:18","2020-03-21 11:26:18",33.48038,-111.90032,33.48038,-111.90032,0,"At N Pima Rd - Accident.","E Thomas Rd","Scottsdale","Maricopa","AZ","85257","US","US/Mountain","KPHX","2020-03-21 10:51:00",63,63,45,28.88,10,"SSE",3,0,"Fair","False","False","True","False","False","True","False","False","False","False","False","True","False","Day","Day","Day","Day"
"A-7147632","Source1",3,"2020-03-31 13:25:38","2020-03-31 13:53:55",33.46396,-111.90882,33.46803,-111.9088,0.281,"Between Commerce Center Blvd and Coronado Rd - Accident. Two lanes blocked.","E Commerce Center Blvd","Scottsdale","Maricopa","AZ","85257","US","US/Mountain","KPHX","2020-03-31 13:51:00",77,77,23,28.77,10,"CALM",0,0,"Mostly Cloudy","False","False","True","False","False","False","False","False","False","False","False","True","False","Day","Day","Day","Day"
"A-7194020","Source1",1,"2020-04-23 19:46:45","2020-04-23 20:31:45",33.4657,-111.92613,33.4657,-111.92613,0,"At N Hayden Rd - Accident.","E McDowell Rd","Scottsdale","Maricopa","AZ","85257","US","US/Mountain","KPHX","2020-04-23 19:51:00",92,92,12,28.57,10,"W",14,0,"Fair","False","False","True","False","False","False","False","False","False","False","False","True","False","Night","Night","Day","Day"
"A-7432170","Source1",4,"2019-03-24 09:06:27","2019-03-24 09:35:31",33.46654,-111.92623,33.48036,-111.92614,0.955,"Closed at Drinkwater Blvd South - Road closed due to accident."," N Scottsdale Rd","Scottsdale","Maricopa","AZ","85257","US","US/Mountain","KPHX","2019-03-24 08:51:00",62.1,NA,44,30.08,10,"East",6.9,NA,"Partly Cloudy","False","False","False","False","False","False","False","False","False","False","False","False","False","Day","Day","Day","Day"
"A-7435952","Source1",4,"2019-02-28 12:21:48","2019-02-28 12:51:10",33.46573,-111.90896,33.46573,-111.90878,0.01,"Closed at Hayden Rd - Road closed due to accident.","E McDowell Rd","Scottsdale","Maricopa","AZ","85257","US","US/Mountain","KPHX","2019-02-28 12:51:00",72,NA,29,30.01,10,"ESE",4.6,NA,"Mostly Cloudy","False","False","True","False","False","False","False","False","False","False","False","True","False","Day","Day","Day","Day"
"A-7461542","Source1",4,"2019-01-11 14:58:04","2019-01-11 15:28:03",33.48039,-111.917576,33.48039,-111.918203,0.036,"Closed at Thomas Rd/Exit 48 - Road closed due to accident."," E Thomas Rd","Scottsdale","Maricopa","AZ","85257","US","US/Mountain","KPHX","2019-01-11 14:51:00",64.9,NA,50,30,10,"Variable",4.6,NA,"Partly Cloudy","False","False","True","False","False","True","False","False","False","False","False","True","False","Day","Day","Day","Day"
"A-7473931","Source1",4,"2018-12-02 05:59:32","2018-12-02 06:29:24",33.48021,-111.94311,33.48028,-111.935413,0.444,"Closed between 64th St and Thomas Rd/Exit 48 - Road closed due to accident.","N 64th St","Scottsdale","Maricopa","AZ","85257","US","US/Mountain","KPHX","2018-12-02 05:51:00",54,NA,62,29.83,10,"SW",4.6,NA,"Mostly Cloudy","False","False","True","False","False","False","False","False","True","False","False","True","False","Night","Night","Night","Day"
"A-7508275","Source1",4,"2018-11-24 01:30:12","2018-11-24 06:29:38",33.465097,-111.926144,33.468279,-111.92622,0.22,"Closed between McDowell Rd and Drinkwater Blvd South - Road closed due to accident."," N Scottsdale Rd","Scottsdale","Maricopa","AZ","85257","US","US/Mountain","KPHX","2018-11-24 01:51:00",53.1,NA,66,29.91,10,"East",5.8,NA,"Scattered Clouds","False","False","False","False","False","False","False","False","True","False","False","False","False","Night","Night","Night","Night"
"A-7574408","Source1",4,"2018-06-21 07:42:38","2018-06-21 13:42:38",33.465811,-111.943622,33.46573,-111.919733,1.377,"Closed between 64th St and Miller Rd - Road closed due to accident.","N 64th St","Scottsdale","Maricopa","AZ","85257","US","US/Mountain","KPHX","2018-06-21 07:51:00",86,NA,22,29.82,10,"East",6.9,NA,"Clear","False","False","True","False","False","False","False","False","False","False","False","True","False","Day","Day","Day","Day"
"A-7646837","Source1",2,"2017-12-12 15:50:33","2017-12-12 21:50:33",33.465739,-111.92195,33.465739,-111.92195,0,"At 74th St - Accident."," N 74th St","Scottsdale","Maricopa","AZ","85257","US","US/Mountain","KPHX","2017-12-12 15:51:00",73.9,NA,9,30.05,10,"NE",6.9,NA,"Mostly Cloudy","False","False","True","False","False","False","False","False","False","False","False","True","False","Day","Day","Day","Day"
